0.01	8	0.6344	0.7235	0.4910
0.03	5	0.4045	1.1514	0.4910
0.04	5	0.3360	1.1246	0.4910
0.05	5	0.3240	1.0559	0.4910
0.06	5	0.2792	1.0022	0.5020
0.08	5	0.2594	0.8556	0.5690
0.09	5	0.2195	0.6895	0.6870
0.10	5	0.1928	0.5804	0.7410
0.12	5	0.1737	0.5683	0.7690
0.13	5	0.1599	0.4971	0.7890
0.14	5	0.1487	0.5141	0.7890
0.15	5	0.1464	0.5520	0.7670
0.17	5	0.1415	0.5008	0.7920
0.18	5	0.1358	0.4912	0.7860
0.19	5	0.1246	0.5099	0.7830
0.20	5	0.1308	0.4687	0.7970
0.22	4	0.1280	0.4688	0.8000
0.23	5	0.1244	0.4730	0.8020
0.24	5	0.1283	0.4422	0.8120
0.26	5	0.1234	0.4532	0.8020
0.27	4	0.1204	0.4438	0.8120
0.28	4	0.1203	0.4519	0.8060
0.29	4	0.1230	0.4629	0.8080
0.31	5	0.1107	0.4673	0.8040
0.32	4	0.1111	0.4503	0.8090
0.33	5	0.1156	0.4594	0.8080
